{"SAGAUSDT": 5e-05, "PLTRUSDT": 0.0010477, "PLUMEUSDT": 5e-05, "UXLINKUSDT": 0.0, "MAVIAUSDT": 0.00042644, "RAVEUSDT": 0.00013648, "VANRYUSDT": 5e-05, "AXSUSDT": -1.491e-05, "XLMUSDT": 2.525e-05, "SPXUSDT": 3.96e-06, "ROSEUSDT": 0.0001, "RESOLVUSDT": 5e-05, "UNFIUSDT": 0.0, "BERAUSDT": -0.00019192, "INITUSDT": 5e-05, "1000WHYUSDT": 0.0, "KGENUSDT": 5e-05, "GTCUSDT": 0.0001, "SCRUSDT": 5e-05, "EULUSDT": 5e-05, "YFIUSDT": 0.0001, "FHEUSDT": 5e-05, "MINAUSDT": -0.00041978, "CETUSUSDT": 5e-05, "SUSDT": 4.359e-05, "DASHUSDT": 5.665e-05, "MEUSDT": 5e-05, "NXPCUSDT": 5e-05, "CELOUSDT": 0.0001, "QUICKUSDT": 0.0, "APRUSDT": 0.00017965, "PUNDIXUSDT": 5e-05, "FRAXUSDT": -2.34e-05, "NULSUSDT": 0.0, "JUPUSDT": -5.149e-05, "WLFIUSDC": 2.125e-05, "ARKMUSDT": 4.34e-06, "GUAUSDT": 5e-05, "ENAUSDT": 5.07e-06, "SIRENUSDT": -0.00030847, "AEVOUSDT": 5e-05, "ROBOUSDT": 5e-05, "KAITOUSDT": 5e-05, "AAVEUSDC": -3.552e-05, "PNUTUSDT": 5e-05, "XAIUSDT": 5e-05, "NEARUSDT": 2.635e-05, "BASUSDT": 0.00028221, "NEOUSDC": -0.00012535, "DEXEUSDT": -0.00010551, "PERPUSDT": 0.0, "IOUSDT": 5e-05, "BIOUSDT": -8.258e-05, "CLUSDT": 0.0, "ETCUSDT": 3.033e-05, "ZRCUSDT": 0.0, "LUNA2USDT": 3.929e-05, "DOTUSDT": -7.798e-05, "1000BONKUSDT": 5e-05, "ZETAUSDT": -5.951e-05, "MOVEUSDT": 3.257e-05, "ACUUSDT": 5e-05, "ERAUSDT": -5.32e-06, "FOGOUSDT": 5e-05, "POPCATUSDT": 5e-05, "AIOUSDT": 5e-05, "KAVAUSDT": 5e-05, "ETHUSDT": -4.334e-05, "TWTUSDT": 5e-05, "CRCLUSDT": 0.00264349, "ZECUSDC": -8.1e-07, "WUSDT": 5e-05, "RVNUSDT": 5e-05, "TAGUSDT": 0.00027839, "MERLUSDT": 5e-05, "MBOXUSDT": 5e-05, "ALPINEUSDT": 5e-05, "CVXUSDT": 5e-05, "KEYUSDT": 0.0, "AKTUSDT": 5e-05, "BROCCOLIF3BUSDT": 0.00019763, "RAREUSDT": 5e-05, "1INCHUSDT": 8.16e-05, "ATOMUSDT": 5.94e-05, "ETHWUSDT": 5e-05, "RENUSDT": 0.0, "JELLYJELLYUSDT": 5e-05, "AGTUSDT": 0.00147635, "COMPUSDT": -7.069e-05, "PHAUSDT": 5e-05, "BNBUSDT": 2.166e-05, "PHBUSDT": -0.00030525, "PROVEUSDT": 5e-05, "ASTERUSDT": 4.208e-05, "STMXUSDT": 0.0, "MITOUSDT": 5e-05, "BLZUSDT": 0.0, "SKYAIUSDT": 0.00043103, "LISTAUSDT": 5e-05, "MUBARAKUSDT": 5e-05, "HUSDT": 0.00013253, "SUIUSDT": 3.978e-05, "ZROUSDT": 5e-05, "0GUSDT": -0.00513637, "USDCUSDT": 3.287e-05, "TIAUSDT": 2.25e-06, "4USDT": 5e-05, "SEIUSDT": 7.108e-05, "GLMUSDT": 5e-05, "SNXUSDT": -0.00047309, "SENTUSDT": 5e-05, "JOEUSDT": 0.0001, "HFTUSDT": 0.0001, "AVAXUSDC": 7.329e-05, "FTMUSDT": 0.0, "AKEUSDT": 0.00040643, "LQTYUSDT": 0.0001, "LUMIAUSDT": 5e-05, "DARUSDT": 0.0, "UBUSDT": 5e-05, "ONGUSDT": 5e-05, "BANDUSDT": 0.0001, "XANUSDT": 5e-05, "WETUSDT": 5e-05, "ALPHAUSDT": 0.0, "MAGMAUSDT": 0.00019603, "USUSDT": 5e-05, "KASUSDT": 5e-05, "COMMONUSDT": 0.0, "REDUSDT": -0.00016158, "RDNTUSDT": 0.0, "SOLUSDT": 6.53e-05, "LEVERUSDT": 0.0, "SPYUSDT": -0.00011849, "ALLOUSDT": 5e-05, "ANIMEUSDT": 5e-05, "XRPUSDC": 6.99e-06, "WOOUSDT": 0.0001, "COLLECTUSDT": 5e-05, "ALPACAUSDT": 0.0, "STRKUSDT": 5e-05, "42USDT": 0.0, "AIUSDT": 0.00041737, "ILVUSDT": 1.5e-07, "EIGENUSDT": 5e-05, "EWYUSDT": 0.00053853, "ZECUSDT": -6.071e-05, "1000FLOKIUSDT": 5.328e-05, "SHELLUSDT": 5e-05, "FLOCKUSDT": 5e-05, "PYTHUSDT": 5e-05, "GMTUSDT": 4.041e-05, "CYSUSDT": 5e-05, "SNDKUSDT": 3.249e-05, "NKNUSDT": 0.0, "CLANKERUSDT": 5e-05, "BAKEUSDT": 0.0, "TOWNSUSDT": 5e-05, "DEEPUSDT": 5e-05, "WLDUSDT": -0.00028314, "FFUSDT": 5e-05, "GASUSDT": 5e-05, "TURTLEUSDT": 5e-05, "ICNTUSDT": 5e-05, "BSWUSDT": 0.0, "ORDIUSDC": 4.122e-05, "ORDERUSDT": -0.00015056, "VINEUSDT": 5e-05, "AVNTUSDT": -0.00095026, "AXLUSDT": 2.254e-05, "ORDIUSDT": -1.836e-05, "CROSSUSDT": 5e-05, "SOONUSDT": 5e-05, "OPNUSDT": 5e-05, "PORTALUSDT": 5e-05, "ESPORTSUSDT": 5e-05, "HIFIUSDT": 0.0, "SIGNUSDT": 5e-05, "SUPERUSDT": -2.109e-05, "GUSDT": 1.972e-05, "DOGEUSDC": 1.821e-05, "KAITOUSDC": 5e-05, "ADAUSDT": 9.834e-05, "VIRTUALUSDT": 5e-05, "ARBUSDT": 3.925e-05, "MYROUSDT": 0.0, "MATICUSDT": 0.0001, "SPKUSDT": -0.00123288, "KAIAUSDT": 5e-05, "ONUSDT": 5e-05, "BELUSDT": 0.0001, "SPORTFUNUSDT": 5e-05, "SYSUSDT": 5e-05, "AEROUSDT": 5e-05, "DUSKUSDT": -2.673e-05, "PUMPBTCUSDT": 0.00034589, "HIGHUSDT": -0.00072683, "CAKEUSDT": 5e-05, "VELVETUSDT": 0.00025098, "FISUSDT": 0.0, "ATUSDT": 5e-05, "AWEUSDT": 5e-05, "NILUSDT": 5e-05, "METUSDT": 5e-05, "IMXUSDT": -4.444e-05, "TRBUSDT": 5e-05, "FUNUSDT": 0.0, "LDOUSDT": 7.031e-05, "EWJUSDT": 0.0, "USTCUSDT": 5e-05, "UMAUSDT": 3.2e-06, "TAOUSDT": 5e-05, "TUSDT": 5e-05, "ZBTUSDT": 2.816e-05, "1000BONKUSDC": -2.17e-05, "KITEUSDT": 0.00032315, "MDTUSDT": 0.0, "ORBSUSDT": 0.0, "BTCUSDT_260925": 0.0, "IRYSUSDT": 0.00023554, "DOGEUSDT": 5.29e-05, "ALLUSDT": 0.0001, "IOTXUSDT": 0.0001, "KLAYUSDT": 0.0, "XNYUSDT": 5e-05, "HBARUSDC": 4.247e-05, "BOBUSDT": 5e-05, "SANDUSDT": 0.0001, "CHRUSDT": 0.0001, "LTCUSDC": 5.141e-05, "JASMYUSDT": 0.0001, "BMTUSDT": 5e-05, "ENAUSDC": 1.263e-05, "MMTUSDT": -8.52e-06, "CYBERUSDT": -9.256e-05, "CFGUSDT": -9.268e-05, "WIFUSDT": -4.589e-05, "LINKUSDC": 0.0001, "ETHBTC": 0.0, "BABYUSDT": 5e-05, "XTZUSDT": 7.52e-06, "BTCUSDT": 1.061e-05, "COINUSDT": 0.00259518, "RVVUSDT": 0.0, "VIDTUSDT": 0.0, "HEMIUSDT": 5e-05, "TSMUSDT": 0.0044698, "BABAUSDT": 0.00074941, "KDAUSDT": 0.0, "POWRUSDT": 5e-05, "RECALLUSDT": 5e-05, "RPLUSDT": -5.54e-06, "FLUXUSDT": 5e-05, "FIOUSDT": 0.0, "JTOUSDT": -1.036e-05, "MEMEFIUSDT": 0.0, "ESPUSDT": 5e-05, "ZAMAUSDT": 5e-05, "FIDAUSDT": 5e-05, "1000XUSDT": 0.0, "ACEUSDT": 5e-05, "TAKEUSDT": 0.00054691, "COMBOUSDT": 0.0, "TAUSDT": 0.00031957, "EPTUSDT": 0.0, "ZRXUSDT": -9.687e-05, "OCEANUSDT": 0.0, "TREEUSDT": 5e-05, "ALGOUSDT": 7.606e-05, "DRIFTUSDT": 5e-05, "COOKIEUSDT": 5e-05, "BONDUSDT": 0.0, "VFYUSDT": 0.0, "DUSDT": -0.00046164, "GPSUSDT": -0.00061272, "AVAXUSDT": 5.033e-05, "RAYUSDT": 0.0, "MOVRUSDT": -7.464e-05, "BLESSUSDT": 0.00027507, "GHSTUSDT": 0.0, "DOGSUSDT": 5e-05, "1000CHEEMSUSDT": 2.128e-05, "ZORAUSDT": 5e-05, "KOMAUSDT": 0.00143336, "KERNELUSDT": -0.00019754, "PENGUUSDC": 9.65e-06, "HOODUSDT": 0.00170846, "LTCUSDT": 7.387e-05, "BCHUSDT": 3.487e-05, "XPINUSDT": 5e-05, "BTCDOMUSDT": 0.0001, "LABUSDT": 5e-05, "ZENUSDT": 4.108e-05, "BRETTUSDT": 5e-05, "DIAUSDT": 5e-05, "OXTUSDT": 0.0, "HUMAUSDT": 5e-05, "TURBOUSDT": 5e-05, "SOPHUSDT": -7.39e-06, "TRIAUSDT": 5e-05, "YBUSDT": 5e-05, "JCTUSDT": 5e-05, "LOKAUSDT": 0.0, "BANUSDT": 5e-05, "VANAUSDT": 5e-05, "ATHUSDT": -0.0003134, "STPTUSDT": 0.0, "DYMUSDT": 5e-05, "NEWTUSDT": 5e-05, "ZKCUSDT": 2.853e-05, "NFPUSDT": 5e-05, "ZKUSDT": 3.52e-06, "XAUUSDT": 4.158e-05, "MSTRUSDT": 0.00255636, "VOXELUSDT": 0.0, "IDOLUSDT": 0.0001647, "ARBUSDC": 4.054e-05, "EDGEUSDT": 0.00033511, "MEMEUSDT": 5e-05, "CELRUSDT": -8.634e-05, "LSKUSDT": 5e-05, "VELODROMEUSDT": 5e-05, "CUSDT": -9.082e-05, "NTRNUSDT": 0.0, "AERGOUSDT": 5e-05, "BADGERUSDT": 0.0, "SUIUSDC": 5.658e-05, "1000RATSUSDT": 0.00077721, "HBARUSDT": 9.4e-07, "1000XECUSDT": 0.0001, "ZILUSDT": 5e-05, "BLUAIUSDT": 5e-05, "MANTAUSDT": 5e-05, "EOSUSDT": 0.0001, "ARKUSDT": 5e-05, "RUNEUSDT": 0.0001, "AI16ZUSDT": 0.0, "ORCAUSDT": -0.0005247, "LPTUSDT": 5e-05, "MAVUSDT": 0.0001, "ZKJUSDT": 5e-05, "XMRUSDT": 0.00014139, "BULLAUSDT": 0.00051311, "1000000MOGUSDT": 5e-05, "XPDUSDT": 0.0, "MONUSDT": 5e-05, "TRUSTUSDT": 5e-05, "NMRUSDT": 5e-05, "SKRUSDT": 5e-05, "MTLUSDT": 0.0001, "DOLOUSDT": 5e-05, "ACHUSDT": -2.802e-05, "METISUSDT": 5e-05, "TANSSIUSDT": 0.0, "LINEAUSDT": 5e-05, "KMNOUSDT": -3.648e-05, "AGIXUSDT": 0.0, "CHILLGUYUSDT": 6.395e-05, "LAUSDT": 5e-05, "UNIUSDT": 2.047e-05, "XRPUSDT": 4.509e-05, "1000PEPEUSDC": 0.0001, "FOLKSUSDT": 5e-05, "KATUSDT": -0.00150619, "ETHUSDT_260925": 0.0, "ETHFIUSDC": 5e-05, "TIAUSDC": -6.88e-06, "GOOGLUSDT": 0.00096638, "WIFUSDC": 6.23e-06, "ATAUSDT": 0.0001, "FRONTUSDT": 0.0001, "MOODENGUSDT": 5e-05, "DGBUSDT": 0.0, "IOSTUSDT": 0.0001, "EDUUSDT": 0.0001, "TLMUSDT": 5e-05, "RENDERUSDT": -2.846e-05, "CKBUSDT": -0.00037912, "XVSUSDT": -8.264e-05, "BTCUSDT_260626": 0.0, "STOUSDT": 5e-05, "AUSDT": -4.091e-05, "WAXPUSDT": 5e-05, "WCTUSDT": 5e-05, "BICOUSDT": -0.00063597, "ARIAUSDT": 0.00062582, "SOLVUSDT": 5e-05, "NEIROETHUSDT": 0.0, "ALTUSDT": 3.996e-05, "TROYUSDT": 0.0,