{
  "version": 2,
  "target": "fake",
  "feature_names": [
    "or_width_pct",
    "vol_ratio",
    "side_long",
    "vwap_dist_pct",
    "risk_frac_pct",
    "minutes_after_or",
    "gap_pct",
    "pm_rvol",
    "pm_regime_go",
    "pm_regime_fade",
    "atr_pct"
  ],
  "symbol_vocab": [],
  "mean": [
    1.9763055118110244,
    1.0,
    0.5354330708661418,
    0.013259310430867975,
    0.2119648527047309,
    43.554555680539934,
    0.0,
    0.0,
    0.0,
    0.0,
    4.2392970704179636
  ],
  "std": [
    1.3280628726981019,
    1.0,
    0.49874291723190795,
    0.9342330782472636,
    0.09286375606243169,
    68.95546894531641,
    1.0,
    1.0,
    1.0,
    1.0,
    1.8572751208610156
  ],
  "weights": [
    -0.040892006854351355,
    0.0,
    -0.09555240427889797,
    -0.04061841403468024,
    -0.05610404357862655,
    -0.14144082099930566,
    0.0,
    0.0,
    0.0,
    0.0,
    -0.05610392205303474
  ],
  "bias": 1.4702639501579098,
  "metrics": {
    "target": "fake",
    "samples": 889,
    "positive_rate": 0.811,
    "train_accuracy": 0.811,
    "precision": 0.811,
    "recall": 1.0,
    "brier": 0.1518
  }
}