{
  "version": 1,
  "target": "fake",
  "feature_names": [
    "or_width_pct",
    "vol_ratio",
    "side_long",
    "vwap_dist_pct",
    "risk_frac_pct",
    "minutes_after_or",
    "gap_pct",
    "pm_rvol",
    "pm_regime_go",
    "pm_regime_fade",
    "atr_pct",
    "sync_same_side"
  ],
  "mean": [
    2.563251470588236,
    1.0,
    0.5441176470588235,
    0.04782281539597564,
    0.2771999020370519,
    27.720588235294116,
    -0.037058823529411755,
    0.023970588235294115,
    0.0,
    0.0,
    5.543998032373323,
    0.0
  ],
  "std": [
    0.9172731953190273,
    1.0,
    0.4980498300551794,
    1.0574254723647312,
    0.02998603925912651,
    49.789511530818494,
    0.9208692485963379,
    0.14100625461599336,
    1.0,
    1.0,
    0.5997207969094409,
    1.0
  ],
  "weights": [
    0.14200851754876878,
    0.0,
    0.36149268553714226,
    -0.29737679400168826,
    -0.05401510497681999,
    -0.3904631670956607,
    -0.26834078685585044,
    0.12463609675084035,
    0.0,
    0.0,
    -0.05401469545043155,
    0.0
  ],
  "bias": 0.7009071786812192,
  "metrics": {
    "target": "fake",
    "samples": 68,
    "positive_rate": 0.6618,
    "train_accuracy": 0.6912,
    "precision": 0.6875,
    "recall": 0.9778,
    "brier": 0.2102
  }
}